Game,Month,Day,Year
A Game of Thrones: Genesis,September,"28,",2011
Ace of Spades,December,"12,",2012
Aces of the Pacific,November,"8,",1992
Act of War: Direct Action,March,"15,",2005
Act of War: High Treason,March,"24,",2006
AdvertCity,April,"17,",2015
Age of Empires,October,"15,",1997
Age of Empires II: The Age of Kings,September,"30,",1999
Age of Empires II: The Conquerors,August,"24,",2000
Age of Empires II: The Forgotten,November,"7,",2013
Age of Empires II: HD Edition,April,"9,",2013
Age of Mythology,October,"30,",2002
Age of Wonders,October,"31,",1999
Age of Wonders II: The Wizard's Throne,June,"12,",2002
Age of Wonders III,March,"31,",2014
Age of Wonders: Shadow Magic,July,"25,",2003
Air Conflicts: Secret Wars,September,"30,",2011
Air Conflicts: Vietnam,November,"26,",2013
Airscape: The Fall of Gravity,August,"11,",2015
Alan Wake,May,"14,",2010
Alien Swarm,July,"19,",2010
Alpha Prime,May,"25,",2007
Amnesia: The Dark Descent,August,"8,",2010
Amnesia: A Machine for Pigs,September,"10,",2013
Anno 1503,March,"23,",2003
Anno 1602,September,"24,",1998
Anno 1701,November,"3,",2006
Anno 2070,November,"17,",2011
Anno 2205,November,"3,",2015
Anomaly: Warzone Earth,April,"8,",2011
Antichamber,January,"31,",2013
ARMA: Armed Assault,November,"10,",2006
ARMA 2,June,"26,",2009
ARMA 3,September,"12,",2013
Assetto Corsa,November,"8,",2013
Astebreed,May,"31,",2014
Astrofire,May,"31,",2014
Attack on Titan,February,"18,",2016
Attack on Titan 2,March,"15,",2018
Audiosurf,February,"15,",2008
Audiosurf 2,October,"2,",2013
Automation - The Car Company Tycoon Game,October,"2,",2013
A Bastard's Tale,May,"26,",2015
A Bird Story,November,"7,",2014
A Blind Legend,April,"7,",2016
A Bloody Night,May,"23,",2017
A Boy and His Blob,January,"19,",2016
A Butterfly in the District of Dreams,May,"12,",2017
A Chair in a Room : Greenwater,April,"5,",2016
A City Sleeps,October,"16,",2014
A Date in the Park,February,"14,",2015
A Day in the Woods,October,"28,",2011
A dead world's dream,September,"20,",2016
A Demon's Game: Episode 1,December,"19,",2016
A Detective's Novel,July,"28,",2016
A dragon girl looks up at the endless sky,October,"27,",2016
A Druid's Duel,February,"25,",2015
A Duel Hand Disaster: Trackher,August,"29,",2017
Baldur's Gate,December,"21,",1998
Baldur's Gate: Tales of the Sword Coast,April,"30,",1999
Baldur's Gate II: Shadows of Amn,September,"24,",2000
Baldur's Gate II: Throne of Bhaal,June,"21,",2001
Banished,February,"18,",2014
Bastion,August,"16,",2011
Batman: Arkham Asylum,September,"15,",2009
Batman: Arkham City,October,"18,",2011
Batman: Arkham Knight,June,"2,",2015
Batman: Arkham Origins,October,"25,",2013
BattleBlock Theater,May,"15,",2014
Battlefield 1942,September,"10,",2002
Battlefield 1942: The Road to Rome,February,"2,",2003
Battlefield 1942: Secret Weapons of WWII,September,"4,",2003
Battlefield 2,June,"21,",2005
Battlefield 2142,October,"17,",2006
Battlefield 3,October,"25,",2011
Battlefield 4,October,"29,",2013
Battlefield Heroes,June,"25,",2009
Battlefield Play4Free,April,"4,",2011
Battleforge,March,"23,",2009
Battleground 2: Gettysburg,December,"31,",1995
Battleground 3: Waterloo,May,"31,",1996
Battleground 4: Shiloh,January,"31,",1996
Battleground 5: Antietam,December,"31,",1996
Battleground 6: Napoleon in Russia,March,"30,",1997
Battleground 7: Bull Run,March,"30,",1997
Battleground 8: Prelude to Waterloo,March,"30,",1997
Battleground 9: Chickamauga,March,"30,",1997
Battleground 10: Middle East,March,"30,",1997
Battleground 11: East Front,March,"30,",1997
Battlehawks 1942,March,"30,",1997
Battles in Time,March,"30,",1997
Battles of Napoleon,March,"30,",1997
Battleship: Surface Thunder,September,"12,",2000
Beam Breakers,October,"31,",2002
Beasts and Bumpkins,October,"31,",2002
Beyond Divinity,October,"31,",2002
Blade Symphony,May,"7,",2014
Blades of Time,May,"7,",2014
Borderlands,October,"20,",2009
Borderlands 2,September,"18,",2012
Borderlands: The Pre-Sequel!,October,"14,",2014
Braid,April,"10,",2009
Bridge Project,March,"28,",2013
Burnout Paradise: The Ultimate Box,February,"3,",2009
Call of Duty,October,"29,",2003
Call of Duty 2,October,"25,",2005
Call of Duty 4: Modern Warfare,November,"5,",2007
Call of Duty: Black Ops,November,"9,",2010
Call of Duty: Black Ops 2,December,"12,",2012
Call of Duty: Ghosts,November,"5,",2013
Call of Duty: Infinite Warfare,November,"4,",2016
Call of Duty: Modern Warfare 2,November,"10,",2009
Call of Duty: Modern Warfare 3,November,"8,",2011
Call of Duty Online,January,"14,",2013
Call of Duty: United Offensive,September,"14,",2004
Call of Duty: World at War,November,"11,",2008
CarneyVale: Showtime,November,"11,",2010
CarneyVale: Showtime,November,"11,",2010
Champions of Krynn,June,"1,",1990
Chaos Island: The Lost World,October,"30,",1997
Chivalry: Medieval Warfare,October,"16,",2012
Cities in Motion,February,"23,",2011
,April,"2,",2013
,April,"2,",2013
Civilization III,October,"30,",2001
Civilization III: Conquests,November,"4,",2003
Civilization III: Play the World,October,"31,",2002
Civilization IV,October,"25,",2005
Civilization V,September,"21,",2010
Civilization V: Brave New World,March,"15,",2013
Civilization V: Gods & Kings,February,"16,",2012
Civilization VI,October,"21,",2016
The Club,February,"7,",2008
Cobalt,February,"7,",2008
Command & Conquer,February,"7,",2008
Command & Conquer: Generals,February,"14,",2003
Command & Conquer: Red Alert 2,October,"26,",2000
Command & Conquer: Renegade,February,"26,",2002
Command & Conquer: Tiberian Sun,August,"27,",1999
Command & Conquer 4: Tiberian Twilight,March,"16,",2010
Commandos: Behind Enemy Lines,July,"31,",1998
Commandos: Beyond the Call of Duty,March,"31,",1999
Commandos: Strike Force,March,"17,",2006
Commandos 2: Men of Courage,September,"21,",2001
Commandos 3: Destination Berlin,October,"23,",2003
Company of Heroes,September,"12,",2006
Company of Heroes 2,June,"25,",2013
Contagion,April,"14,",2014
Cossacks II: Battle for Europe,June,"19,",2006
Counter-Strike,June,"19,",1999
Counter-Strike: Condition Zero,March,"23,",2004
Counter-Strike: Global Offensive,August,"12,",2012
Counter-Strike Online,June,"24,",2008
Counter-Strike: Source,September,"1,",2004
Crusader Kings,August,"27,",2004
Crusader Kings II,February,"14,",2012
Cryostasis: Sleep of Reason,February,"27,",2009
Crysis,November,"13,",2007
Crysis 2,March,"22,",2011
Crysis 3,February,"19,",2013
Curse of the Azure Bonds,September,"1,",1989
The Cursed Crusade,October,"25,",2011
Damnation,May,"25,",2009
Dark Sun Online: Crimson Sands,February,"1,",1996
Dark Sun: Shattered Lands,September,"1,",1993
Dark Sun: Wake of the Ravager,September,"1,",1993
Darksiders 2,August,"14,",2012
Darkstone: Evil Reigns,July,"31,",1999
Daryl F. Gates' Police Quest: SWAT,September,"30,",1995
Day of Defeat,August,"4,",2000
Day of Defeat: Source,September,"26,",2005
DayZ,December,"16,",2013
Dead Island,October,"20,",2011
Deadlight,August,"1,",2012
Dear Esther,February,"14,",2012
Death Knights of Krynn,January,"15,",1991
Deathmatch Classic,June,"1,",2001
Defcon,September,"29,",2006
Delta Force,November,"1,",1998
Delta Force 2,November,"3,",1999
Delta Force: Black Hawk Down,March,"24,",2003
Delta Force: Black Hawk Down: Team Sabre,January,"20,",2004
Delta Force: Land Warrior,November,"7,",2000
Delta Force: Task Force Dagger,June,"27,",2002
Delta Force: Xtreme,April,"22,",2005
Delta Force: Xtreme 2,June,"2,",2009
Democracy 3,October,"14,",2013
Deus Ex,June,"26,",2000
Deus Ex: Human Revolution,August,"23,",2011
Deus Ex: Invisible War,December,"3,",2003
Deus Ex: Invisible War,December,"3,",2003
Diablo,December,"31,",1996
Diablo II,June,"29,",2000
Digital Combat Simulator,December,"10,",2008
Dino D-Day,April,"8,",2011
Dirt 3,May,"24,",2011
Divine Divinity,September,"22,",2002
Dofus,September,"22,",2002
Doom,December,"10,",1993
Dota 2,July,"9,",2013
Dragon Age II,March,"8,",2011
Dragon Age: Inquisition,November,"18,",2014
Dragon Age: Origins,November,"3,",2009
Dragon Age: Origins – Awakening,March,"16,",2010
Dragon Quest X,August,"2,",2012
Dragon Quest X,August,"2,",2012
Dragons of Flame,September,"1,",1989
DragonStrike,September,"1,",1989
DRAMAtical Murder,March,"23,",2012
Duke Nukem,July,"1,",1991
Dune,November,"1,",1992
Dungeon Defenders,October,"19,",2011
Dungeon Keeper,June,"26,",1997
Dungeon Keeper 2,June,"30,",1999
Dungeons & Dragons Online,February,"28,",2006
Dungeons of Dredmor,July,"13,",2011
Dwarf Fortress,August,"8,",2006
The Elder Scrolls: Arena,August,"8,",2006
The Elder Scrolls Adventures: Redguard,October,"31,",1998
The Elder Scrolls II: Daggerfall,August,"31,",1996
The Elder Scrolls III: Bloodmoon,July,"3,",2003
The Elder Scrolls III: Morrowind,May,"1,",2002
The Elder Scrolls III: Tribunal,November,"6,",2002
The Elder Scrolls IV: Oblivion,March,"20,",2006
The Elder Scrolls V: Skyrim,November,"11,",2011
An Elder Scrolls Legend: Battlespire,November,"30,",1997
Emily Wants to Play,December,"10,",2015
Empire: Total War,March,"3,",2009
Empire Earth,November,"12,",2001
Empire Earth II,April,"26,",2005
Empire Earth III,November,"6,",2007
Empires Apart,November,"6,",2007
Enclave,March,"10,",2003
Endless Space,July,"4,",2012
Epic Battle Fantasy,March,"1,",2009
Epic Battle Fantasy 2,August,"20,",2009
Epic Battle Fantasy 3,September,"12,",2010
Epic Battle Fantasy 4,September,"12,",2013
Euro Truck Simulator,August,"29,",2008
Euro Truck Simulator 2,October,"19,",2012
Europa Universalis,March,"14,",2000
Europa Universalis II,November,"12,",2001
Europa Universalis III,January,"23,",2007
Europa Universalis IV,August,"13,",2013
Eve Online,May,"6,",2003
Event 0,September,"14,",2016
Eye of the Beholder,April,"16,",1990
Eye of the Beholder II: The Legend of Darkmoon,December,"12,",1991
Eye of the Beholder III: Assault on Myth Drannor,August,"3,",1992
Factorio,August,"3,",1992
A Fairy Tale,March,"12,",2009
Fallout,November,"1,",1997
Fallout 2,December,"1,",1998
Fallout 3,October,"28,",2008
Fallout 4,November,"10,",2015
Fallout: New Vegas,October,"19,",2012
Fallout Tactics: Brotherhood of Steel,March,"15,",2001
Far Cry,March,"12,",2004
Far Cry 2,October,"21,",2008
Far Cry 3,November,"29,",2012
Far Cry 3: Blood Dragon,May,"1,",2013
Far Cry 4,November,"18,",2014
Far Cry Primal,February,"23,",2016
Fez,May,"1,",2013
Fiesta Online,November,"7,",2007
Final Fantasy VII,May,"31,",1998
Final Fantasy VIII,February,"11,",1999
Final Fantasy XI,May,"16,",2002
Firefall,July,"29,",2014
Fistful of Frags,December,"20,",2007
Five Nights at Freddy's,August,"8,",2014
Five Nights at Freddy's 2,November,"10,",2014
Five Nights at Freddy's 3,March,"2,",2015
FlatOut,November,"5,",2004
FlatOut 2,June,"30,",2006
FlatOut 3: Chaos & Destruction,December,"13,",2011
FlatOut: Ultimate Carnage,July,"22,",2007
For the Glory: A Europa Universalis Game,November,"11,",2009
The Forest,May,"30,",2013
A Fork in the Tale,February,"28,",1997
Fortnite,July,"25,",2017
Fragile Allegiance,July,"25,",2017
Fragmented,July,"25,",2017
Freelancer,March,"4,",2003
FTL: Faster Than Light,September,"14,",2012
Game Dev Tycoon,December,"10,",2012
Garry's Mod,August,"29,",2013
Goat Simulator,April,"1,",2014
Gone Home,August,"15,",2013
Gothic,April,"15,",2001
Gothic II,November,"29,",2002
Gothic 3,October,"13,",2006
Gothic 3: Forsaken Gods,November,"21,",2008
Arcania: Gothic 4,October,"14,",2010
Arcania: Fall of Setarrif,October,"25,",2011
Grand Theft Auto,October,"25,",2011
Grand Theft Auto: The Ballad of Gay Tony,April,"13,",2010
Grand Theft Auto: London 1961,June,"1,",1999
Grand Theft Auto: London 1969,March,"31,",1999
Grand Theft Auto 2,October,"27,",1999
Grand Theft Auto III,May,"21,",2002
Grand Theft Auto IV,December,"2,",2008
Grand Theft Auto: The Lost and Damned,April,"13,",2010
Grand Theft Auto: San Andreas,June,"7,",2005
Grand Theft Auto: Vice City,May,"12,",2003
Grand Theft Auto V,April,"14,",2015
Grid 2,May,"27,",2013
Ground Control,June,"1,",2000
Ground Control II: Operation Exodus,June,"18,",2004
Growtopia,November,"30,",2012
GTR Evolution,August,"1,",2008
Guild Wars,April,"26,",2005
Guild Wars 2,August,"28,",2012
Guild Wars Factions,April,"28,",2006
Guild Wars Nightfall,October,"27,",2006
Guitar Hero III: Legends of Rock,November,"13,",2007
Gunpoint,June,"3,",2013
Half-Life,November,"19,",1998
Half-Life 2,November,"16,",2004
Half-Life: Blue Shift,June,"12,",2001
Half-Life Deathmatch: Source,May,"1,",2006
Half-Life: Opposing Force,November,"10,",1999
Half-Life: Source,June,"1,",2004
Half-Life 2: Deathmatch,November,"30,",2004
Half-Life 2: Episode One,June,"1,",2006
Half-Life 2: Episode Two,October,"10,",2007
Half-Life 2: Lost Coast,October,"27,",2005
Halo: Combat Evolved,September,"30,",2003
Halo 2,May,"17,",2007
Hard Truck Apocalypse,June,"19,",2006
Harvester,September,"25,",1996
A Hat in Time,September,"25,",1996
Hatoful Boyfriend: A School of Hope and White Wings,August,"24,",2014
Hearts of Iron,November,"24,",2002
Hearts of Iron II,January,"4,",2005
Hearts of Iron III,August,"7,",2009
Hello Neighbor,December,"8,",2017
Heroes of the Lance,November,"1,",1988
Heroes of Might and Magic: A Strategic Quest,August,"31,",1995
Heroes of Might and Magic II,October,"1,",1996
Heroes of Newerth,May,"12,",2010
Hitman: Absolution,November,"19,",2012
Hitman: Blood Money,May,"30,",2006
Hitman: Codename 47,November,"19,",2000
Hitman: Contracts,April,"20,",2004
Hitman 2: Silent Assassin,October,"1,",2002
Hogs of War,November,"3,",2000
Homeworld,September,"28,",1999
Homeworld: Cataclysm,June,"30,",2000
Homeworld 2,September,"16,",2003
Hotline Miami,October,"23,",2012
Hugo's House of Horrors,October,"23,",2012
I.G.I.-2: Covert Strike,March,"3,",2003
Icewind Dale,June,"29,",2000
Icewind Dale II,August,"27,",2002
Identity,August,"27,",2002
Insurgency,January,"22,",2014
Jade Empire,February,"26,",2007
James Bond 007: Nightfire,November,"28,",2002
Jazz Jackrabbit,July,"30,",1994
Jazz Jackrabbit 2,April,"13,",1998
Juiced 2: Hot Import Nights,November,"16,",2007
Jurassic Park,November,"16,",2007
Jurassic Park III: Danger Zone!,June,"29,",2001
Jurassic Park III: Dino Defender,June,"29,",2001
Jurassic Park: The Game,November,"15,",2011
Just Cause 2,March,"23,",2010
Katawa Shoujo,January,"24,",2012
Kentucky Route Zero,January,"7,",2013
Kerbal Space Program,June,"24,",2011
Killing Floor,May,"14,",2009
Killing Floor 2,May,"14,",2009
Killing Floor 2,May,"14,",2009
King Arthur: The Role-Playing Wargame,November,"25,",2009
King Arthur II: The Role-Playing Wargame,January,"27,",2012
kkrieger,April,"30,",2004
Knights and Merchants: The Shattered Kingdom,September,"18,",1998
Lands of Lore: Guardians of Destiny,September,"30,",1997
Lands of Lore: The Throne of Chaos,September,"30,",1997
Lands of Lore III,March,"3,",1999
Layers of Fear,February,"16,",2016
League of Legends,October,"27,",2009
Legends of Callasia,June,"10,",2016
Lego Batman: The Videogame,September,"23,",2008
Lego Batman 2: DC Super Heroes,June,"23,",2012
Lego Batman 3: Beyond Gotham,November,"11,",2014
Leisure Suit Larry,June,"5,",1987
The Lord of the Rings Online,April,"27,",2007
Lovely Planet,July,"31,",2014
M.U.D. TV,February,"23,",2010
M.U.G.E.N,February,"23,",2010
Magicka,January,"25,",2011
Mass Effect,November,"20,",2007
Mass Effect 2,January,"26,",2010
Mass Effect 3,March,"6,",2012
Max Payne,July,"23,",2001
Max Payne 2: The Fall of Max Payne,October,"14,",2003
MDK,November,"21,",1997
MDK2,March,"31,",2000
Mechwarrior Online,September,"17,",2013
Medal of Honor,October,"8,",2010
Medal of Honor: Warfighter,October,"23,",2012
Medieval: Total War,August,"20,",2002
Medieval II: Total War,November,"11,",2006
Metal Gear,July,"7,",1987
Metal Gear 2: Solid Snake,July,"20,",1990
Metal Gear 2: Solid Snake,January,"9,",2014
Metal Gear Solid,September,"3,",1998
Metal Gear Solid 2: Substance,March,"27,",2003
Metal Gear Solid V: Ground Zeroes,September,"1,",2015
Metal Gear Solid V: The Phantom Pain,September,"1,",2015
Metro 2033,March,"16,",2010
Metro: Last Light,May,"14,",2013
Microsoft Minesweeper,May,"14,",2013
Middle-earth: Shadow of Mordor,September,"30,",2014
Might & Magic X: Legacy,January,"23,",2014
Might and Magic VI,April,"30,",1998
Might and Magic VII,May,"15,",1999
A Mind Forever Voyaging,August,"14,",1985
Minecraft,November,"18,",2011
Mirror's Edge,November,"12,",2008
Monaco: What's Yours Is Mine,April,"24,",2013
Mount & Blade,September,"16,",2008
Mount & Blade: Warband,March,"30,",2010
Mount & Blade: With Fire & Sword,May,"3,",2011
MouseCraft,June,"9,",2014
Napoleon: Total War,February,"23,",2010
Natural Selection 2,October,"30,",2012
Need for Speed,August,"31,",1994
Need for Speed II,March,"31,",1997
Need for Speed III: Hot Pursuit,March,"25,",1998
Need for Speed: High Stakes,March,"8,",1999
Need for Speed: Hot Pursuit 2,October,"2,",2002
Need for Speed: Porsche Unleashed,February,"29,",2000
Need for Speed: Underground,October,"2,",2002
Nether: Resurrected,October,"28,",2013
The Neverhood,October,"31,",1996
Neverwinter Nights,June,"18,",2002
Neverwinter Nights 2,October,"31,",2006
Neverwinter Nights: Hordes of the Underdark,December,"2,",2003
Neverwinter Nights: Shadows of Undrentide,June,"21,",2003
Next Car Game: Wreckfest,June,"21,",2003
Nier: Automata,March,"17,",2017
Night in the Woods,February,"21,",2017
Night in the Woods,February,"21,",2017
No More Room in Hell,October,"31,",2013
OneShot,December,"8,",2016
Operation Flashpoint: Cold War Crisis,June,"22,",2001
Operation Flashpoint: Resistance,July,"10,",2002
Orcs Must Die 2,July,"30,",2012
Order of War,September,"22,",2009
osu!,September,"16,",2007
Out of the Park Baseball 2007,March,"26,",2006
Outcast,August,"31,",1999
Outlast,September,"4,",2013
Overgrowth,September,"17,",2008
Overwatch,May,"24,",2016
Oxenfree,January,"15,",2016
"Papers, Please",August,"8,",2013
ParaWorld,August,"8,",2013
Path of Exile,October,"23,",2013
Payday: The Heist,October,"18,",2011
Payday 2,August,"13,",2013
Penumbra: Black Plague,February,"12,",2008
Penumbra: Overture,March,"30,",2007
Penumbra: Requiem,August,"27,",2008
Pillars of Eternity,March,"26,",2015
Planetarian: The Reverie of a Little Planet,March,"26,",2015
Planetary Annihilation,September,"5,",2014
PlanetSide,May,"20,",2003
PlanetSide 2,November,"12,",2012
PlayerUnknown's Battlegrounds,December,"12,",2017
Pony Island,January,"4,",2016
Pool of Radiance,January,"4,",2016
Pools of Darkness,January,"4,",2016
Portal,October,"10,",2007
Portal 2,April,"19,",2011
PP: Pianissimo,September,"29,",2009
Prince of Persia: The Sands of Time,November,"6,",2003
Prince of Persia: Warrior Within,November,"30,",2004
Prison Architect,October,"6,",2015
Project I.G.I.: I'm Going In,December,"15,",2000
Project Zomboid,November,"8,",2013
Quake,June,"22,",1996
Quake II,December,"9,",1997
Quake III Arena,December,"2,",1999
Quake 4,October,"18,",2005

Railroad Tycoon,October,"18,",2005
Railroad Tycoon 3,October,"27,",2003
Rayman,April,"30,",1996
Rayman 2: The Great Escape,October,"31,",1999
Rayman 3: Hoodlum Havoc,March,"24,",2003
Rayman Legends,September,"3,",2013
,August,"31,",2002
Rayman Origins,March,"29,",2012
Recettear: An Item Shop's Tale,September,"10,",2010
Rec Room,June,"28,",2016
Red Orchestra: Ostfront 41-45,March,"14,",2006
Red Orchestra 2: Heroes of Stalingrad,September,"13,",2011
Reign of Kings,March,"11,",2015
Resident Evil,March,"22,",1996
Resident Evil 2,January,"21,",1998
Resident Evil 3: Nemesis,September,"22,",1999
Resident Evil 4,January,"11,",2005
Resident Evil 5,March,"5,",2009
Resident Evil 6,October,"2,",2012
Resident Evil: Operation Raccoon City,March,"20,",2012
Resident Evil: Revelations,January,"26,",2012
Resident Evil: Revelations 2,February,"24,",2015
Resident Evil: Revelations 2,February,"24,",2015
Resident Evil: Revelations 2,February,"24,",2015
Retrobooster,February,"21,",2014
Ricochet,November,"1,",2000
Rise of Nations,May,"20,",2003
Rise of Nations: Rise of Legends,May,"9,",2006
Rise of Nations: Thrones and Patriots,April,"21,",2004
Rise of the Tomb Raider,April,"21,",2004
Robot Roller-Derby Disco Dodgeball,March,"28,",2014
RollerCoaster Tycoon,March,"31,",1999
RollerCoaster Tycoon,October,"15,",2002
RollerCoaster Tycoon 3,October,"26,",2004
Rome: Total War,November,"22,",2004
Rome: Total War: Alexander,June,"19,",2006
Rome: Total War: Barbarian Invasion,September,"27,",2005
RuneScape,January,"4,",2001
Rust,December,"11,",2013
Ryse: Son of Rome,October,"10,",2014
Sacred,October,"10,",2014
Saints Row 2,January,"5,",2009
Saints Row: The Third,November,"15,",2011
Saints Row IV,August,"20,",2013
Scrapland,November,"4,",2004
Scrolls,June,"3,",2013
Secret of the Silver Blades,October,"20,",1990
Sengoku,September,"13,",2011
Shogun: Total War,June,"13,",2000
ShootMania Storm,April,"10,",2013
Sid Meier's Railroads!,October,"17,",2006
Silent Hunter,October,"17,",2006
Silent Hunter II,November,"6,",2001
Silent Hunter III,March,"15,",2005
Silent Hunter 4: Wolves of the Pacific,March,"20,",2007
Silent Hunter 5: Battle of the Atlantic,March,"2,",2010
Silkroad Online,March,"2,",2010
SimCity,March,"5,",2013
SimCity 2000,March,"5,",2013
SimCity 3000,January,"31,",1999
SimCity 4,January,"14,",2003
SimCity Societies,November,"13,",2007
Sins of a Solar Empire,November,"13,",2007
Sleeping Dogs,September,"14,",2012
Smite,March,"25,",2014
Sonic Heroes,December,"5,",2003
Sonic & Knuckles Collection,December,"5,",2003
Space Engineers,October,"23,",2013
Space Station 13,February,"16,",2003
SpaceChem,January,"1,",2011
Spore,September,"7,",2008
Spore: Galactic Adventure,June,"23,",2009
S.T.A.L.K.E.R.: Call of Pripyat,February,"2,",2010
S.T.A.L.K.E.R.: Clear Sky,September,"15,",2008
S.T.A.L.K.E.R.: Shadow of Chernobyl,March,"20,",2007
Star Citizen,March,"20,",2007
Star Trek Online,February,"2,",2010
Star Wars Galaxies,June,"26,",2003
Star Wars: Knights of the Old Republic,November,"19,",2003
Star Wars: Knights of the Old Republic II – The Sith Lords,February,"8,",2005
Star Wars: The Old Republic,December,"20,",2011
Star Wars: TIE Fighter,July,"1,",1994
Star Wars: X-Wing,February,"1,",1993
StarCraft,March,"31,",1998
StarCraft: Brood War,March,"31,",1998
StarCraft II: Heart of the Swarm,March,"12,",2013
StarCraft II: Wings of Liberty,July,"27,",2010
StarDrive,April,"26,",2013
Starsector,April,"26,",2013
Starsiege: Tribes,November,"30,",1998
State of Decay,November,"5,",2013
Stellar Monarch,December,"5,",2016
Stronghold,October,"19,",2001
Stronghold 2,April,"18,",2005
Stronghold 3,October,"25,",2011
Stronghold: Crusader,July,"31,",2002
Stronghold: Crusader Extreme,May,"27,",2008
Stronghold Kingdoms,October,"17,",2012
Stronghold Legends,October,"13,",2006
Super Meat Boy,April,"5,",2011
Supreme Commander,April,"5,",2011
SWAT 3: Close Quarters Battle,November,"23,",1999
SWAT 4,April,"5,",2005
System Shock,October,"22,",1994
System Shock 2,August,"11,",1999
Team Fortress 2,October,"9,",2007
Team Fortress Classic,April,"7,",1999
Terraria,May,"16,",2011
Thomas Was Alone,June,"30,",2012
The Sacred Hero,June,"30,",2012
The Secret World,July,"3,",2012
The Ship,April,"9,",2007
The Sims 2: Apartment Life,August,"25,",2008
The Sims 2: Bon Voyage,September,"4,",2007
The Sims 2: FreeTime,February,"22,",2008
The Sims 2: Nightlife,September,"13,",2005
The Sims 2: Open for Business,March,"6,",2006
The Sims 2: Seasons,February,"23,",2007
The Sims 2: University,March,"11,",2005
The Sims 3: Generations,May,"31,",2011
The Sims 3: Into the Future,October,"22,",2013
The Sims 3: Island Paradise,June,"25,",2013
The Sims 3: Late Night,October,"26,",2010
The Sims 3: Seasons,November,"13,",2012
The Sims 3: Showtime,March,"6,",2012
The Sims 3: Supernatural,September,"4,",2012
The Sims 3: University Life,March,"5,",2013
The Sims: Hot Date,November,"14,",2001
The Sims: House Party,April,"2,",2001
The Sims: Livin' Large,August,"27,",2000
The Sims: Makin' Magic,October,"29,",2003
The Sims: Superstar,May,"13,",2003
The Sims: Unleashed,January,"7,",2002
The Sims: Vacation,March,"28,",2002
The Song of Seven : Overture,May,"17,",2016
The Stanley Parable,October,"17,",2013
The Sting!,July,"1,",2001
Thief,February,"25,",2014
Thief II: The Metal Age,March,"23,",2000
Thief: The Dark Project,November,"30,",1998
Thief: Deadly Shadows,May,"25,",2004
Titan Quest,June,"26,",2006
Tom Clancy's Splinter Cell,November,"17,",2002
Tom Clancy's Splinter Cell: Blacklist,August,"20,",2013
Tom Clancy's Splinter Cell: Chaos Theory,March,"21,",2005
Tom Clancy's Splinter Cell: Conviction,April,"13,",2010
Tom Clancy's Splinter Cell: Double Agent,October,"17,",2006
Tom Clancy's Splinter Cell: Pandora Tomorrow,March,"23,",2004
Tomb Raider,March,"5,",2013
Torchlight,October,"27,",2009
Torchlight II,September,"20,",2012
Total Annihilation,September,"30,",1997
Total War: Rome II,September,"3,",2013
Total War: Shogun 2,April,"15,",2011
TrackMania 2: Canyon,September,"14,",2011
TrackMania Forever,April,"15,",2008
TrackMania Nations ESWC,January,"28,",2006
TrackMania Nations Forever,April,"16,",2008
TrackMania Sunrise,April,"16,",2008
TrackMania United,November,"17,",2006
Train Simulator,November,"17,",2006
Transistor,May,"20,",2014
Trespasser,October,"28,",1998
Tribes 2,March,"30,",2001
Tribes: Ascend,April,"12,",2012
Tribes: Vengeance,October,"5,",2004
Tropico,April,"24,",2001
Tropico 2: Pirate Cove,April,"28,",2003
True Love,July,"9,",1995
ÜberSoldier,March,"29,",2006
Undertale,March,"29,",2006
Universe Sandbox,April,"29,",2011
Unreal,May,"22,",1998
Unreal Tournament,November,"30,",1999
Unreal Tournament 2003,October,"1,",2002
Unreal Tournament 2004,March,"16,",2004
Unreal Tournament 3,November,"19,",2007
Unreal Tournament 4,November,"19,",2007
Unturned,July,"7,",2017
Vampire: The Masquerade – Bloodlines,November,"16,",2004
Vampire: The Masquerade – Redemption,June,"7,",2000
Victoria: An Empire Under The Sun,June,"7,",2000
Victoria II,August,"13,",2010
Vivisector: Beast Within,January,"5,",2006
Voxatron,October,"31,",2011
War of the Lance,May,"1,",1988
War of the Roses,October,"2,",2012
Warcraft: Orcs & Humans,November,"23,",1994
Warcraft III: Reign of Chaos,July,"3,",2002
Wargame: AirLand Battle,May,"29,",2013
Wargame: European Escalation,February,"22,",2012
Wargame: Red Dragon,April,"17,",2014
"Warhammer 40,000: Dawn of War II",February,"19,",2009
Wasteland,February,"19,",2009
Wheels of Aurelia,September,"20,",2016
White Night,March,"3,",2015
WildStar,June,"7,",2014
The Witcher,October,"26,",2007
The Witcher 3: Wild Hunt,May,"19,",2015
Wizards & Warriors,September,"27,",2000
World in Conflict,September,"18,",2007
World in Conflict: Soviet Assault,March,"10,",2009
World of Goo,October,"13,",2008
World of Tanks,April,"12,",2011
World of Warplanes,November,"13,",2013
World of Warcraft,November,"23,",2004
World of Warcraft: The Burning Crusade,January,"15,",2007
World of Warcraft: Cataclysm,December,"7,",2010
World of Warcraft: Legion,August,"30,",2016
World of Warcraft: Mists of Pandaria,July,"25,",2012
World of Warcraft: Warlords of Draenor,November,"13,",2014
World of Warcraft: Wrath of the Lich King,November,"13,",2008
X3: Terran Conflict,October,"16,",2008
X-Plane,October,"16,",2008
XCOM: Enemy Unknown,October,"9,",2012
XCOM: Enemy Within,November,"12,",2013
Xenonauts,June,"17,",2014
Youtubers Life,June,"17,",2014
Yury,June,"17,",2014
Zombie Driver,December,"4,",2009
ZoMGman! Battle Arena,June,"26,",2007
ZoMGman! 2,November,"7,",2008
Zoo Tycoon,October,"17,",2001
Zoo Tycoon 2,October,"17,",2001
Zoo Tycoon 2: African Adventure,October,"17,",2001
Zoo Tycoon 2: Dino Danger Pack,October,"17,",2001
Zoo Tycoon 2: Endangered Species,October,"17,",2001
Zoo Tycoon 2: Extinct Animals,October,"17,",2007
Zoo Tycoon 2: Marine Mania,October,"17,",2006
Zoo Vet,October,"17,",2006
Zork: Grand Inquisitor,October,"31,",1997
Zork Zero,October,"19,",1988
Zuma's Revenge!,September,"15,",2009
